<?xml version="1.0" encoding="UTF-8" standalone="yes"?>
<rest-connector xmlns="http://www.softwareag.com/cloudstreams/metadata/handler/model" id="com.softwareag.cloudstreams.compute_engine_v1" version="1.0" group="Google" name="ComputeEngine" displayName="ComputeEngine">
    <description></description>
    <connections>
        <connection type="sagcloud" name="SAG_Connection" displayName="SAG_Connection">
            <groups>
                <group type="connection" name="connection" displayName="Connection">
                    <description>Define the required connection configurations to initiate communication with the SaaS provider.</description>
                    <fields>
                        <field isRequired="true" isEncrypted="false" isHidden="false" isArray="false" defaultValue="https://compute.googleapis.com" name="cn.providerUrl" displayName="Server URL">
                            <description>The native provider endpoint target for the connection configuration</description>
                        </field>
                        <field type="string" isRequired="false" isEncrypted="false" isHidden="false" isArray="false" defaultValue="https://www.googleapis.com/auth/cloud-platform https://www.googleapis.com/auth/compute" modelType="Meta" name="oauth_v20.scope" displayName="scope"/>
                    </fields>
                </group>
                <group type="oauth_v20_authorization_code" name="oauth_v20_authorization_code" displayName="OAuth V2.0 (Authorization Code Flow)">
                    <description>Define the configurations needed for generating tokens using the Authorization Code flow.</description>
                    <fields/>
                </group>
                <group type="custom" name="custom" displayName="Custom">
                    <description>Define any custom configurations specific to the SaaS provider.</description>
                    <fields/>
                </group>
            </groups>
        </connection>
    </connections>
    <services>
        <service xmlns:xsi="http://www.w3.org/2001/XMLSchema-instance" xsi:type="RESTServiceType" endpoint="${cn.providerUrl}" name="default_resourcegroup" displayName="Default_ResourceGroup">
            <documentModel packageName="." nsName="com.softwareag.cloudstreams.compute_engine_v1.default_resourcegroup.doctypes" useInlineModel="true"/>
            <resources>
                <mappings/>
                <resource method="GET" path="/compute/v1/projects/{project}/global/firewalls" type="SIMPLE" name="getRetrieveslistoffirewallrulesavailabletospecifiedproject" displayName="Retrieves list of firewall rules available to specified project">
                    <mappings/>
                    <parameters>
                        <parameter name="project" isRequired="true" style="URI_CONTEXT"/>
                    </parameters>
                    <responses>
                        <response name="firewallsList" code="200" messageFormatterType="application/octet+idataoref" builderType="application/json" documentRef="com.softwareag.cloudstreams.compute_engine_v1.default_resourcegroup.doctypes:firewallsList" dimension="0"/>
                        <response name="responseBody" code="401" messageFormatterType="application/octet+idataoref" builderType="application/json" documentRef="com.softwareag.cloudstreams.compute_engine_v1.default_resourcegroup.doctypes:responseBody" excludeRoot="true" dimension="0"/>
                    </responses>
                </resource>
                <resource method="GET" path="/compute/v1/projects/{project}/global/firewalls/{resourceId}" type="SIMPLE" name="getReturnsthespecifiedfirewall" displayName="Returns the specified firewall">
                    <mappings/>
                    <parameters>
                        <parameter name="project" isRequired="true" style="URI_CONTEXT"/>
                        <parameter name="resourceId" isRequired="true" style="URI_CONTEXT"/>
                    </parameters>
                    <responses>
                        <response name="firewallsList" code="200" messageFormatterType="application/octet+idataoref" builderType="application/json" documentRef="com.softwareag.cloudstreams.compute_engine_v1.default_resourcegroup.doctypes:firewallsList" dimension="0"/>
                        <response name="responseBody" code="401" messageFormatterType="application/octet+idataoref" builderType="application/json" documentRef="com.softwareag.cloudstreams.compute_engine_v1.default_resourcegroup.doctypes:responseBody" dimension="0"/>
                    </responses>
                </resource>
                <resource method="DELETE" path="/compute/v1/projects/{project}/global/firewalls/{resourceId}" type="SIMPLE" name="deleteDeletesthespecifiedfirewall" displayName="Deletes the specified firewall">
                    <mappings/>
                    <parameters>
                        <parameter name="project" isRequired="true" style="URI_CONTEXT"/>
                        <parameter name="resourceId" isRequired="true" style="URI_CONTEXT"/>
                    </parameters>
                    <request name="stream" messageFormatterType="vnd.sag.cloudstreams+binary" builderType="vnd.sag.cloudstreams+binary" dimension="0"/>
                    <responses>
                        <response name="responseBody" code="200" messageFormatterType="application/octet+idataoref" builderType="application/json" documentRef="com.softwareag.cloudstreams.compute_engine_v1.default_resourcegroup.doctypes:responseBody" excludeRoot="true" dimension="0"/>
                    </responses>
                </resource>
                <resource method="GET" path="/compute/v1/projects/{project}/aggregated/instances" type="SIMPLE" name="getRetrievesanaggregatedlistofallofinstancesinprojectacrossallregionsandzones." displayName="Retrieves an aggregated list of all of instances in project across all regions and zones.">
                    <mappings/>
                    <parameters>
                        <parameter name="project" isRequired="true" style="URI_CONTEXT"/>
                    </parameters>
                    <responses>
                        <response name="stream" code="200" messageFormatterType="vnd.sag.cloudstreams+binary" builderType="vnd.sag.cloudstreams+binary" dimension="0"/>
                    </responses>
                </resource>
                <resource method="DELETE" path="/compute/v1/projects/{project}/zones/{zone}/instances/{resourceId}" type="SIMPLE" name="deleteDeletesthespecifiedInstanceresource" displayName="Deletes the specified Instance resource">
                    <mappings/>
                    <parameters>
                        <parameter name="project" isRequired="true" style="URI_CONTEXT"/>
                        <parameter name="zone" isRequired="true" style="URI_CONTEXT"/>
                        <parameter name="resourceId" isRequired="true" style="URI_CONTEXT"/>
                    </parameters>
                    <request name="stream" messageFormatterType="vnd.sag.cloudstreams+binary" builderType="vnd.sag.cloudstreams+binary" dimension="0"/>
                    <responses>
                        <response name="stream" code="200" messageFormatterType="vnd.sag.cloudstreams+binary" builderType="vnd.sag.cloudstreams+binary" dimension="0"/>
                    </responses>
                </resource>
                <resource method="GET" path="/compute/v1/projects/{project}/zones/{zone}/instances/{resourceId}" type="SIMPLE" name="getReturnsthespecifiedInstanceresource" displayName="Returns the specified Instance resource">
                    <mappings/>
                    <parameters>
                        <parameter name="project" isRequired="true" style="URI_CONTEXT"/>
                        <parameter name="zone" isRequired="true" style="URI_CONTEXT"/>
                        <parameter name="resourceId" isRequired="true" style="URI_CONTEXT"/>
                    </parameters>
                    <responses>
                        <response name="stream" code="200" messageFormatterType="vnd.sag.cloudstreams+binary" builderType="vnd.sag.cloudstreams+binary" dimension="0"/>
                    </responses>
                </resource>
                <resource method="GET" path="/compute/v1/projects/{project}/zones/{zone}/instances" type="SIMPLE" name="getRetrievesthelistofinstancescontainedwithinthespecifiedzone" displayName="Retrieves the list of instances contained within the specified zone">
                    <mappings/>
                    <parameters>
                        <parameter name="project" isRequired="true" style="URI_CONTEXT"/>
                        <parameter name="zone" isRequired="true" style="URI_CONTEXT"/>
                    </parameters>
                    <responses>
                        <response name="stream" code="200" messageFormatterType="vnd.sag.cloudstreams+binary" builderType="vnd.sag.cloudstreams+binary" dimension="0"/>
                    </responses>
                </resource>
                <resource method="POST" path="/compute/v1/projects/{project}/zones/{zone}/instances/{resourceId}/reset" type="SIMPLE" name="postPerformsaresetontheinstance" displayName="Performs a reset on the instance">
                    <mappings/>
                    <parameters>
                        <parameter name="project" isRequired="true" style="URI_CONTEXT"/>
                        <parameter name="zone" isRequired="true" style="URI_CONTEXT"/>
                        <parameter name="resourceId" isRequired="true" style="URI_CONTEXT"/>
                    </parameters>
                    <request name="stream" messageFormatterType="vnd.sag.cloudstreams+binary" builderType="vnd.sag.cloudstreams+binary" dimension="0"/>
                    <responses>
                        <response name="stream" code="200" messageFormatterType="vnd.sag.cloudstreams+binary" builderType="vnd.sag.cloudstreams+binary" dimension="0"/>
                    </responses>
                </resource>
                <resource method="POST" path="/compute/v1/projects/{project}/zones/{zone}/instances/{resourceId}/resume" type="SIMPLE" name="postResumesaninstancethatwassuspended" displayName="Resumes an instance that was suspended">
                    <mappings/>
                    <parameters>
                        <parameter name="project" isRequired="true" style="URI_CONTEXT"/>
                        <parameter name="zone" isRequired="true" style="URI_CONTEXT"/>
                        <parameter name="resourceId" isRequired="true" style="URI_CONTEXT"/>
                    </parameters>
                    <request name="stream" messageFormatterType="vnd.sag.cloudstreams+binary" builderType="vnd.sag.cloudstreams+binary" dimension="0"/>
                    <responses>
                        <response name="stream" code="200" messageFormatterType="vnd.sag.cloudstreams+binary" builderType="vnd.sag.cloudstreams+binary" dimension="0"/>
                    </responses>
                </resource>
                <resource method="POST" path="/compute/v1/projects/{project}/zones/{zone}/instances/{resourceId}/start" type="SIMPLE" name="postStartsaninstancethatwasstopped" displayName="Starts an instance that was stopped">
                    <mappings/>
                    <parameters>
                        <parameter name="project" isRequired="true" style="URI_CONTEXT"/>
                        <parameter name="zone" isRequired="true" style="URI_CONTEXT"/>
                        <parameter name="resourceId" isRequired="true" style="URI_CONTEXT"/>
                    </parameters>
                    <request name="stream" messageFormatterType="vnd.sag.cloudstreams+binary" builderType="vnd.sag.cloudstreams+binary" dimension="0"/>
                    <responses>
                        <response name="stream" code="200" messageFormatterType="vnd.sag.cloudstreams+binary" builderType="vnd.sag.cloudstreams+binary" dimension="0"/>
                    </responses>
                </resource>
                <resource method="POST" path="/compute/v1/projects/{project}/zones/{zone}/instances/{resourceId}/stop" type="SIMPLE" name="postStopsarunninginstanceandshuttingitdowncleanly" displayName="Stops a running instance and shutting it down cleanly">
                    <mappings/>
                    <parameters>
                        <parameter name="project" isRequired="true" style="URI_CONTEXT"/>
                        <parameter name="zone" isRequired="true" style="URI_CONTEXT"/>
                        <parameter name="resourceId" isRequired="true" style="URI_CONTEXT"/>
                    </parameters>
                    <request name="stream" messageFormatterType="vnd.sag.cloudstreams+binary" builderType="vnd.sag.cloudstreams+binary" dimension="0"/>
                    <responses>
                        <response name="stream" code="200" messageFormatterType="vnd.sag.cloudstreams+binary" builderType="vnd.sag.cloudstreams+binary" dimension="0"/>
                    </responses>
                </resource>
                <resource method="PUT" path="/compute/v1/projects/{project}/zones/{zone}/instances/{resourceId}" type="SIMPLE" name="putUpdatesaninstanceonlyifthenecessaryresourcesareavailable" displayName="Updates an instance only if the necessary resources are available">
                    <mappings/>
                    <parameters>
                        <parameter name="project" isRequired="true" style="URI_CONTEXT"/>
                        <parameter name="zone" isRequired="true" style="URI_CONTEXT"/>
                        <parameter name="resourceId" isRequired="true" style="URI_CONTEXT"/>
                    </parameters>
                    <request name="stream" messageFormatterType="vnd.sag.cloudstreams+binary" builderType="vnd.sag.cloudstreams+binary" dimension="0"/>
                    <responses>
                        <response name="stream" code="200" messageFormatterType="vnd.sag.cloudstreams+binary" builderType="vnd.sag.cloudstreams+binary" dimension="0"/>
                    </responses>
                </resource>
                <resource method="POST" path="/compute/v1/projects/{project}/zones/{zone}/instances" type="SIMPLE" name="postCreatesaninstanceresourceinthespecifiedprojectusingthedata" displayName="Creates an instance resource in the specified project using the data">
                    <mappings/>
                    <parameters>
                        <parameter name="project" isRequired="true" style="URI_CONTEXT"/>
                        <parameter name="zone" isRequired="true" style="URI_CONTEXT"/>
                    </parameters>
                    <request name="stream" messageFormatterType="vnd.sag.cloudstreams+binary" builderType="vnd.sag.cloudstreams+binary" dimension="0"/>
                    <responses>
                        <response name="stream" code="200" messageFormatterType="vnd.sag.cloudstreams+binary" builderType="vnd.sag.cloudstreams+binary" dimension="0"/>
                    </responses>
                </resource>
                <resource method="POST" path="/compute/v1/projects/{project}/zones/{zone}/instances/{resourceId}/suspend" type="SIMPLE" name="postSuspendsarunninginstance" displayName="Suspends a running instance">
                    <mappings/>
                    <parameters>
                        <parameter name="project" isRequired="true" style="URI_CONTEXT"/>
                        <parameter name="zone" isRequired="true" style="URI_CONTEXT"/>
                        <parameter name="resourceId" isRequired="true" style="URI_CONTEXT"/>
                    </parameters>
                    <request name="stream" messageFormatterType="vnd.sag.cloudstreams+binary" builderType="vnd.sag.cloudstreams+binary" dimension="0"/>
                    <responses>
                        <response name="stream" code="200" messageFormatterType="vnd.sag.cloudstreams+binary" builderType="vnd.sag.cloudstreams+binary" dimension="0"/>
                    </responses>
                </resource>
                <resource method="GET" path="/compute/v1/projects/{project}/aggregated/addresses" type="SIMPLE" name="getRetrievesanaggregatedlistofaddresses" displayName="Retrieves an aggregated list of addresses">
                    <mappings/>
                    <parameters>
                        <parameter name="project" isRequired="true" style="URI_CONTEXT"/>
                    </parameters>
                    <responses>
                        <response name="stream" code="200" messageFormatterType="vnd.sag.cloudstreams+binary" builderType="vnd.sag.cloudstreams+binary" dimension="0"/>
                    </responses>
                </resource>
                <resource method="GET" path="/compute/v1/projects/{project}/aggregated/disks" type="SIMPLE" name="getRetrievesanaggregatedlistofpersistentdisks" displayName="Retrieves an aggregated list of persistent disks">
                    <mappings/>
                    <parameters>
                        <parameter name="project" isRequired="true" style="URI_CONTEXT"/>
                    </parameters>
                    <responses>
                        <response name="stream" code="200" messageFormatterType="vnd.sag.cloudstreams+binary" builderType="vnd.sag.cloudstreams+binary" dimension="0"/>
                    </responses>
                </resource>
                <resource method="POST" path="/compute/v1/projects/{project}/zones/{zone}/disks/{resourceId}/createSnapshot" type="SIMPLE" name="postCreatesasnapshotofaspecifiedpersistentdisk" displayName="Creates a snapshot of a specified persistent disk">
                    <mappings/>
                    <parameters>
                        <parameter name="project" isRequired="true" style="URI_CONTEXT"/>
                        <parameter name="zone" isRequired="true" style="URI_CONTEXT"/>
                        <parameter name="resourceId" isRequired="true" style="URI_CONTEXT"/>
                    </parameters>
                    <request name="stream" messageFormatterType="vnd.sag.cloudstreams+binary" builderType="vnd.sag.cloudstreams+binary" dimension="0"/>
                    <responses>
                        <response name="stream" code="200" messageFormatterType="vnd.sag.cloudstreams+binary" builderType="vnd.sag.cloudstreams+binary" dimension="0"/>
                    </responses>
                </resource>
                <resource method="POST" path="/compute/v1/projects/{project}/zones/{zone}/disks" type="SIMPLE" name="postCreatesapersistentdiskinprojectusingdataintherequest" displayName="Creates a persistent disk in  project using  data in the request">
                    <mappings/>
                    <parameters>
                        <parameter name="project" isRequired="true" style="URI_CONTEXT"/>
                        <parameter name="zone" isRequired="true" style="URI_CONTEXT"/>
                    </parameters>
                    <request name="stream" messageFormatterType="vnd.sag.cloudstreams+binary" builderType="vnd.sag.cloudstreams+binary" dimension="0"/>
                    <responses>
                        <response name="stream" code="200" messageFormatterType="vnd.sag.cloudstreams+binary" builderType="vnd.sag.cloudstreams+binary" dimension="0"/>
                    </responses>
                </resource>
                <resource method="DELETE" path="/compute/v1/projects/{project}/zones/{zone}/disks/{resourceId}" type="SIMPLE" name="deleteDeletesthespecifiedpersistentdisk" displayName="Deletes the specified persistent disk">
                    <mappings/>
                    <parameters>
                        <parameter name="project" isRequired="true" style="URI_CONTEXT"/>
                        <parameter name="zone" isRequired="true" style="URI_CONTEXT"/>
                        <parameter name="resourceId" isRequired="true" style="URI_CONTEXT"/>
                    </parameters>
                    <request name="stream" messageFormatterType="vnd.sag.cloudstreams+binary" builderType="vnd.sag.cloudstreams+binary" dimension="0"/>
                    <responses>
                        <response name="stream" code="200" messageFormatterType="vnd.sag.cloudstreams+binary" builderType="vnd.sag.cloudstreams+binary" dimension="0"/>
                    </responses>
                </resource>
                <resource method="GET" path="/compute/v1/projects/{project}/global/images" type="SIMPLE" name="getRetrievesthelistofcustomimagesavailabletospecifiedproject" displayName="Retrieves the list of custom images available to specified project">
                    <mappings/>
                    <parameters>
                        <parameter name="project" isRequired="true" style="URI_CONTEXT"/>
                    </parameters>
                    <responses>
                        <response name="stream" code="200" messageFormatterType="vnd.sag.cloudstreams+binary" builderType="vnd.sag.cloudstreams+binary" dimension="0"/>
                    </responses>
                </resource>
                <resource method="DELETE" path="/compute/v1/projects/{project}/global/images/{resourceId}" type="SIMPLE" name="deleteDeletesthespecifiedimage" displayName="Deletes the specified image">
                    <mappings/>
                    <parameters>
                        <parameter name="project" isRequired="true" style="URI_CONTEXT"/>
                        <parameter name="resourceId" isRequired="true" style="URI_CONTEXT"/>
                    </parameters>
                    <request name="stream" messageFormatterType="vnd.sag.cloudstreams+binary" builderType="vnd.sag.cloudstreams+binary" dimension="0"/>
                    <responses>
                        <response name="stream" code="200" messageFormatterType="vnd.sag.cloudstreams+binary" builderType="vnd.sag.cloudstreams+binary" dimension="0"/>
                    </responses>
                </resource>
                <resource method="POST" path="/compute/v1/projects/{project}/global/images" type="SIMPLE" name="postCreatesanimageinthespecifiedprojectusingthedatarequest" displayName="Creates an image in the specified project using the data request">
                    <mappings/>
                    <parameters>
                        <parameter name="project" isRequired="true" style="URI_CONTEXT"/>
                    </parameters>
                    <request name="stream" messageFormatterType="vnd.sag.cloudstreams+binary" builderType="vnd.sag.cloudstreams+binary" dimension="0"/>
                    <responses>
                        <response name="stream" code="200" messageFormatterType="vnd.sag.cloudstreams+binary" builderType="vnd.sag.cloudstreams+binary" dimension="0"/>
                    </responses>
                </resource>
                <resource method="GET" path="/compute/v1/projects/{project}/global/httpsHealthChecks" type="SIMPLE" name="getRetrievesthelistofHttpsHealthCheckresourcesavailabletothespecifiedproject" displayName="Retrieves the list of HttpsHealthCheck resources available to the specified project">
                    <mappings/>
                    <parameters>
                        <parameter name="project" isRequired="true" style="URI_CONTEXT"/>
                    </parameters>
                    <responses>
                        <response name="stream" code="200" messageFormatterType="vnd.sag.cloudstreams+binary" builderType="vnd.sag.cloudstreams+binary" dimension="0"/>
                    </responses>
                </resource>
                <resource method="DELETE" path="/compute/v1/projects/{project}/global/httpsHealthChecks/{resourceId}" type="SIMPLE" name="deleteDeletesthespecifiedHttpsHealthCheckresource" displayName="Deletes the specified HttpsHealthCheck resource">
                    <mappings/>
                    <parameters>
                        <parameter name="project" isRequired="true" style="URI_CONTEXT"/>
                        <parameter name="resourceId" isRequired="true" style="URI_CONTEXT"/>
                    </parameters>
                    <request name="stream" messageFormatterType="vnd.sag.cloudstreams+binary" builderType="vnd.sag.cloudstreams+binary" dimension="0"/>
                    <responses>
                        <response name="stream" code="200" messageFormatterType="vnd.sag.cloudstreams+binary" builderType="vnd.sag.cloudstreams+binary" dimension="0"/>
                    </responses>
                </resource>
                <resource method="POST" path="/compute/v1/projects/{project}/global/httpsHealthChecks" type="SIMPLE" name="postCreatesHttpsHealthCheckresourceinproject" displayName="Creates HttpsHealthCheck resource in project">
                    <mappings/>
                    <parameters>
                        <parameter name="project" isRequired="true" style="URI_CONTEXT"/>
                    </parameters>
                    <request name="stream" messageFormatterType="vnd.sag.cloudstreams+binary" builderType="vnd.sag.cloudstreams+binary" dimension="0"/>
                    <responses>
                        <response name="stream" code="200" messageFormatterType="vnd.sag.cloudstreams+binary" builderType="vnd.sag.cloudstreams+binary" dimension="0"/>
                    </responses>
                </resource>
                <resource method="POST" path="/compute/v1/projects/{project}/global/firewalls" type="SIMPLE" name="postCreatesafirewallruleinthespecifiedproject" displayName="Creates a firewall rule in the specified project">
                    <mappings/>
                    <parameters>
                        <parameter name="project" isRequired="true" style="URI_CONTEXT" dataType="String"/>
                    </parameters>
                    <request name="stream" messageFormatterType="vnd.sag.cloudstreams+binary" builderType="vnd.sag.cloudstreams+binary" excludeRoot="true" dimension="0"/>
                    <responses>
                        <response name="responseBody" code="200" messageFormatterType="application/octet+idataoref" builderType="application/json" documentRef="com.softwareag.cloudstreams.compute_engine_v1.default_resourcegroup.doctypes:responseBody" dimension="0"/>
                    </responses>
                </resource>
            </resources>
        </service>
    </services>
</rest-connector>
